"Rank","Player","Team","Positions","Best","Worst","Avg","Std Dev","ADP","vs. ADP"
"1","Ronald Acuna Jr.","ATL","LF,CF,RF","1","5","1.4","0.8","1.0","-"
"2","Mookie Betts","LAD","CF,RF","1","7","3.1","1.2","3.0","+1.0"
"3","Fernando Tatis Jr.","SD","SS","1","5","3.1","1.1","2.0","-1.0"
"4","Juan Soto","WSH","LF,RF","1","8","3.7","1.3","4.0","-"
"5","Mike Trout","LAA","CF","2","9","5.0","1.6","5.0","-"
"6","Jacob deGrom","NYM","SP","1","18","6.2","1.7","6.0","-"
"7","Trea Turner","WSH","SS","3","14","7.4","1.2","8.0","+1.0"
"8","Gerrit Cole","NYY","SP","2","25","8.5","2.3","7.0","-1.0"
"9","Christian Yelich","MIL","LF,RF","5","15","10.0","1.9","12.0","+3.0"
"10","Jose Ramirez","CLE","3B","7","19","10.5","1.8","10.0","-"
"11","Shane Bieber","CLE","SP","4","17","10.6","2.4","9.0","-2.0"
"12","Trevor Story","COL","SS","7","16","10.8","1.8","13.0","+1.0"
"13","Freddie Freeman","ATL","1B","6","27","12.1","1.6","11.0","-2.0"
"14","Bryce Harper","PHI","RF,DH","10","19","15.0","1.6","17.0","+3.0"
"15","Cody Bellinger","LAD","1B,CF,RF","8","29","16.3","3.9","15.0","-"
"16","Francisco Lindor","NYM","SS","12","36","18.4","4.8","16.0","-"
"17","Manny Machado","SD","3B,SS","12","31","19.1","3.4","20.0","+3.0"
"18","Yu Darvish","SD","SP","12","40","19.8","5.5","18.0","-"
"19","Trevor Bauer","LAD","SP","11","41","19.9","5.9","14.0","-5.0"
"20","Walker Buehler","LAD","SP","13","60","24.3","6.4","19.0","-1.0"
"21","Aaron Nola","PHI","SP","16","63","24.4","7.1","22.0","+1.0"
"22","Lucas Giolito","CWS","SP","14","80","25.0","11.7","21.0","-1.0"
"23","Bo Bichette","TOR","SS","15","53","25.4","6.6","25.0","+2.0"
"24","Xander Bogaerts","BOS","SS","17","54","27.2","8.8","29.0","+5.0"
"25","Max Scherzer","WSH","SP","14","53","28.6","9.2","23.0","-2.0"
"26","Anthony Rendon","LAA","3B","17","53","28.8","6.1","27.0","+1.0"
"27","Corey Seager","LAD","SS","16","45","31.0","5.7","32.0","+5.0"
"28","Adalberto Mondesi","KC","SS","14","120","32.1","10.3","28.0","-"
"29","Jose Abreu","CWS","1B","15","51","32.3","7.7","37.0","+8.0"
"30","Clayton Kershaw","LAD","SP","20","76","32.6","6.8","31.0","+1.0"
"31","Ozzie Albies","ATL","2B","22","48","32.7","5.6","35.0","+4.0"
"32","Luis Castillo","CIN","SP","18","61","32.8","10.9","26.0","-6.0"
"33","Rafael Devers","BOS","3B","19","52","34.5","7.2","41.0","+8.0"
"34","Jack Flaherty","STL","SP","18","69","34.8","11.9","30.0","-4.0"
"35","DJ LeMahieu","NYY","1B,2B,3B","19","69","34.8","9.2","24.0","-11.0"
"36","Kyle Tucker","HOU","LF,RF,DH","22","59","35.3","5.6","40.0","+4.0"
"37","Alex Bregman","HOU","3B,SS","17","68","35.6","9.7","33.0","-4.0"
"38","Marcell Ozuna","ATL","LF,DH","18","63","36.8","7.0","43.0","+5.0"
"39","Eloy Jimenez","CWS","LF","20","54","38.4","6.9","36.0","-3.0"
"40","Brandon Woodruff","MIL","SP","22","82","39.8","8.5","38.0","-2.0"
"41","Tim Anderson","CWS","SS","27","60","40.0","5.9","48.0","+7.0"
"42","George Springer","TOR","CF,RF","20","51","40.2","6.4","44.0","+2.0"
"43","Luis Robert","CWS","CF","30","58","41.5","5.7","39.0","-4.0"
"44","Whit Merrifield","KC","2B,CF,RF","22","70","42.5","8.2","42.0","-2.0"
"45","Starling Marte","MIA","CF","30","84","43.6","7.3","50.0","+5.0"
"46","Nolan Arenado","STL","3B","19","80","45.6","12.1","34.0","-12.0"
"47","Blake Snell","SD","SP","29","86","49.3","8.5","45.0","-2.0"
"48","Pete Alonso","NYM","1B,DH","31","64","49.6","7.2","51.0","+3.0"
"49","Aaron Judge","NYY","RF","34","64","50.0","6.1","47.0","-2.0"
"50","J.T. Realmuto","PHI","C","20","89","54.2","11.4","52.0","+2.0"
"51","Vladimir Guerrero Jr.","TOR","1B,3B,DH","26","103","55.4","12.4","55.0","+4.0"
"52","Kenta Maeda","MIN","SP,RP","35","135","55.5","8.6","49.0","-3.0"
"53","Zac Gallen","ARI","SP","27","144","55.8","22.8","46.0","-7.0"
"54","Tyler Glasnow","TB","SP","23","121","56.5","12.6","53.0","-1.0"
"55","Randy Arozarena","TB","LF","30","93","56.6","10.5","57.0","+2.0"
"56","Luke Voit","NYY","1B","37","91","58.4","10.0","56.0","-"
"57","Lance Lynn","CWS","SP","39","130","60.1","10.1","54.0","-3.0"
"58","Yordan Alvarez","HOU","LF,DH","40","102","62.1","10.2","80.0","+22.0"
"59","Javier Baez","CHC","SS","36","98","62.3","9.6","78.0","+19.0"
"60","Eugenio Suarez","CIN","3B","35","107","63.2","12.6","64.0","+4.0"
"61","Gleyber Torres","NYY","2B,SS","31","97","63.5","10.9","61.0","-"
"62","Nelson Cruz","MIN","DH","25","113","64.3","14.6","87.0","+25.0"
"63","Michael Conforto","NYM","CF,RF","43","100","67.0","10.2","70.0","+7.0"
"64","Liam Hendriks","CWS","RP","41","137","67.8","9.4","59.0","-5.0"
"65","J.D. Martinez","BOS","LF,RF,DH","24","121","68.2","13.5","91.0","+26.0"
"66","Josh Hader","MIL","RP","34","121","68.2","11.3","58.0","-8.0"
"67","Nick Castellanos","CIN","LF,RF","41","96","69.0","13.9","83.0","+16.0"
"68","Stephen Strasburg","WSH","SP","45","156","69.5","14.1","63.0","-5.0"
"69","Keston Hiura","MIL","2B,DH","54","110","69.8","9.4","66.0","-3.0"
"70","Corbin Burnes","MIL","SP,RP","37","138","71.2","15.3","62.0","-8.0"
"71","Ketel Marte","ARI","2B,SS,CF","42","114","72.4","12.3","74.0","+3.0"
"72","Paul Goldschmidt","STL","1B","50","143","75.6","12.7","71.0","-1.0"
"73","Trent Grisham","SD","LF,CF,RF","49","135","77.3","15.9","68.0","-5.0"
"74","Charlie Blackmon","COL","RF","28","124","77.5","13.8","72.0","-2.0"
"75","Hyun Jin Ryu","TOR","SP","51","131","79.1","18.3","67.0","-8.0"
"76","Brandon Lowe","TB","1B,2B,RF","45","156","79.5","21.2","65.0","-11.0"
"77","Austin Meadows","TB","LF,RF","50","144","79.9","15.1","90.0","+13.0"
"78","Aroldis Chapman","NYY","RP","40","198","81.2","6.7","69.0","-9.0"
"79","Jose Altuve","HOU","2B","49","132","82.8","10.7","89.0","+10.0"
"80","Anthony Rizzo","CHC","1B","56","120","83.7","12.4","95.0","+15.0"
"81","Teoscar Hernandez","TOR","LF,CF,RF","51","116","84.0","12.9","81.0","-"
"82","Sonny Gray","CIN","SP","52","192","84.2","21.9","73.0","-9.0"
"83","Kyle Hendricks","CHC","SP","61","134","84.5","11.3","79.0","-4.0"
"84","Yoan Moncada","CWS","3B","38","158","84.8","18.9","94.0","+10.0"
"85","Matt Olson","OAK","1B","64","179","87.8","18.2","85.0","-"
"86","Lourdes Gurriel Jr.","TOR","2B,LF","49","138","89.3","16.1","92.0","+6.0"
"87","Giancarlo Stanton","NYY","LF,DH","53","123","90.5","13.3","111.0","+24.0"
"88","Jose Berrios","MIN","SP","61","149","91.0","15.0","77.0","-11.0"
"89","Cavan Biggio","TOR","2B,3B,RF","47","205","91.2","27.4","60.0","-29.0"
"90","Edwin Diaz","NYM","RP","39","177","92.2","9.4","84.0","-6.0"
"91","Max Fried","ATL","SP","54","170","93.7","24.0","75.0","-16.0"
"92","Zack Wheeler","PHI","SP","72","176","96.0","14.3","88.0","-4.0"
"93","Zack Greinke","HOU","SP","48","142","96.2","17.9","97.0","+4.0"
"94","Jeff McNeil","NYM","2B,3B,LF,RF","61","158","97.8","12.9","101.0","+7.0"
"95","Matt Chapman","OAK","3B","70","148","101.1","14.6","102.0","+7.0"
"96","Eddie Rosario","CLE","LF,RF","48","158","101.4","22.8","119.0","+23.0"
"97","Max Muncy","LAD","1B,2B,3B","69","133","101.8","13.6","98.0","+1.0"
"98","Salvador Perez","KC","C","48","181","102.1","17.1","86.0","-12.0"
"99","Dansby Swanson","ATL","SS","65","159","103.0","17.5","105.0","+6.0"
"100","Kris Bryant","CHC","3B,LF,RF","71","135","104.2","13.6","114.0","+14.0"
"101","Raisel Iglesias","LAA","RP","77","207","105.6","12.9","96.0","-5.0"
"102","Charlie Morton","ATL","SP","71","160","106.5","18.5","116.0","+14.0"
"103","Zach Plesac","CLE","SP","53","233","107.0","31.3","76.0","-27.0"
"104","Jesus Luzardo","OAK","SP,RP","75","227","109.0","20.7","106.0","+2.0"
"105","Carlos Correa","HOU","SS","72","168","109.7","15.0","120.0","+15.0"
"106","Dinelson Lamet","SD","SP","57","476","113.4","25.3","103.0","-3.0"
"107","Ian Anderson","ATL","SP","76","228","113.6","26.6","93.0","-14.0"
"108","Chris Paddack","SD","SP","65","192","113.7","21.3","100.0","-8.0"
"109","Byron Buxton","MIN","CF","67","170","114.3","20.3","123.0","+14.0"
"110","Wil Myers","SD","1B,LF,CF,RF","74","160","114.6","19.6","121.0","+11.0"
"111","Tommy Pham","SD","LF,DH","87","157","114.8","15.3","132.0","+21.0"
"112","Alec Bohm","PHI","1B,3B","65","194","115.1","16.6","109.0","-3.0"
"113","Marcus Semien","TOR","SS","63","186","115.4","20.8","134.0","+21.0"
"114","Mike Moustakas","CIN","1B,2B,3B","72","151","116.0","16.1","117.0","+3.0"
"115","Mike Yastrzemski","SF","LF,CF,RF","81","161","118.4","13.9","115.0","-"
"116","Alex Verdugo","BOS","LF,CF,RF","88","182","119.8","18.6","131.0","+15.0"
"117","Jorge Soler","KC","RF,DH","82","182","120.1","11.9","144.0","+27.0"
"118","Joe Musgrove","SD","SP","65","187","120.3","17.7","128.0","+10.0"
"119","Lance McCullers Jr.","HOU","SP","70","186","121.5","16.7","127.0","+8.0"
"120","Kenley Jansen","LAD","RP","70","257","123.8","19.5","113.0","-7.0"
"121","James Karinchak","CLE","RP","46","220","124.2","24.9","99.0","-22.0"
"122","Dylan Bundy","LAA","SP","73","299","125.8","34.1","110.0","-12.0"
"123","Ryan Pressly","HOU","RP","77","245","126.0","22.3","107.0","-16.0"
"124","Dominic Smith","NYM","1B,LF","63","219","126.3","24.2","118.0","-6.0"
"125","Franmil Reyes","CLE","RF,DH","61","186","127.6","20.4","151.0","+26.0"
"126","Michael Brantley","HOU","LF,RF,DH","88","203","128.9","16.3","146.0","+20.0"
"127","Josh Bell","WSH","1B,DH","73","193","129.6","19.9","138.0","+11.0"
"128","Will Smith","LAD","C","97","187","129.8","21.0","104.0","-24.0"
"129","Rhys Hoskins","PHI","1B","84","226","131.2","18.7","141.0","+12.0"
"130","Brad Hand","WSH","RP","90","266","132.9","29.9","108.0","-22.0"
"131","Ramon Laureano","OAK","CF,RF","78","168","133.0","18.8","147.0","+16.0"
"132","Willson Contreras","CHC","C,DH","93","231","133.3","25.3","112.0","-20.0"
"133","Patrick Corbin","WSH","SP","69","252","134.7","35.1","126.0","-7.0"
"134","Sixto Sanchez","MIA","SP","95","275","136.4","24.4","122.0","-12.0"
"135","Joey Gallo","TEX","LF,CF,RF","77","185","136.8","20.8","133.0","-2.0"
"136","Pablo Lopez","MIA","SP","81","215","137.5","18.8","143.0","+7.0"
"137","Kevin Gausman","SF","SP,RP","78","219","138.2","19.6","135.0","-2.0"
"138","Eric Hosmer","SD","1B","85","243","139.3","21.5","149.0","+11.0"
"139","Julio Urias","LAD","SP,RP","54","277","139.8","27.8","124.0","-15.0"
"140","Ke'Bryan Hayes","PIT","3B","90","205","139.9","21.0","137.0","-3.0"
"141","Carlos Carrasco","NYM","SP,RP","44","258","132.4","52.4","82.0","-59.0"
"142","Didi Gregorius","PHI","SS","100","181","145.9","14.5","159.0","+17.0"
"143","Yasmani Grandal","CWS","C,1B","104","225","147.7","22.3","125.0","-18.0"
"144","Victor Robles","WSH","CF,RF","82","250","149.9","28.8","158.0","+14.0"
"145","Gio Urshela","NYY","3B","115","182","150.9","12.6","153.0","+8.0"
"146","Kyle Lewis","SEA","CF,RF","100","220","151.9","28.0","139.0","-7.0"
"147","Ian Happ","CHC","2B,3B,LF,CF","103","391","152.0","27.6","156.0","+9.0"
"148","Frankie Montas","OAK","SP","93","290","153.8","32.9","165.0","+17.0"
"149","Trevor Rosenthal","OAK","RP","87","292","155.2","39.3","129.0","-20.0"
"150","Josh Donaldson","MIN","3B","109","238","155.3","21.9","178.0","+28.0"
"151","Anthony Santander","BAL","LF,CF,RF","83","219","155.8","19.3","155.0","+4.0"
"152","Sandy Alcantara","MIA","SP","110","275","156.3","39.1","136.0","-16.0"
"153","Ryan Mountcastle","BAL","1B,LF","104","222","156.9","25.7","157.0","+4.0"
"154","Max Kepler","MIN","CF,RF","103","237","159.6","16.9","168.0","+14.0"
"155","Travis d'Arnaud","ATL","C,1B","93","225","160.4","28.7","142.0","-13.0"
"156","Justin Turner","LAD","3B,DH","82","214","162.7","25.9","195.0","+39.0"
"157","Dylan Carlson","STL","LF,CF,RF","108","230","164.3","23.6","161.0","+4.0"
"158","AJ Pollock","LAD","LF,CF,DH","66","230","164.5","26.0","177.0","+19.0"
"159","Nick Anderson","TB","RP","83","248","164.5","30.3","152.0","-7.0"
"160","Miguel Sano","MIN","1B,3B","101","221","165.6","19.2","181.0","+21.0"
"161","Tommy Edman","STL","2B,3B,SS,LF,RF","113","260","168.7","33.4","148.0","-13.0"
"162","German Marquez","COL","SP","87","315","170.2","31.2","173.0","+11.0"
"163","Trey Mancini","BAL","1B,LF,RF","62","271","170.8","32.8","154.0","-9.0"
"164","Andrew McCutchen","PHI","LF,CF,DH","105","246","170.8","23.9","211.0","+47.0"
"165","Kirby Yates","TOR","RP","72","409","171.7","58.1","130.0","-35.0"
"166","Marco Gonzales","SEA","SP","119","377","172.2","27.4","162.0","-4.0"
"167","Dylan Moore","SEA","2B,3B,SS,LF,RF","113","319","173.7","40.1","140.0","-27.0"
"168","Christian Walker","ARI","1B,DH","97","232","175.4","27.1","203.0","+35.0"
"169","Shohei Ohtani","LAA","SP,DH","52","313","175.9","36.7","171.0","+2.0"
"170","David Price","LAD","SP","140","316","178.3","24.5","169.0","-1.0"
"171","Devin Williams","MIL","RP","117","298","182.8","31.7","160.0","-11.0"
"172","Kyle Schwarber","WSH","LF","109","257","182.9","28.4","187.0","+15.0"
"173","Clint Frazier","NYY","LF,RF","114","266","183.4","29.3","175.0","+2.0"
"174","Corey Kluber","NYY","SP","139","356","184.0","32.6","150.0","-24.0"
"175","Craig Kimbrel","CHC","RP","88","317","184.6","38.5","166.0","-9.0"
"176","Mike Soroka","ATL","SP","130","307","184.9","43.1","167.0","-9.0"
"177","Jean Segura","PHI","2B,3B,SS","87","286","185.1","29.7","198.0","+21.0"
"178","Tyler Mahle","CIN","SP","142","301","185.4","33.9","176.0","-2.0"
"179","Aaron Civale","CLE","SP","128","538","186.3","47.8","193.0","+14.0"
"180","Marcus Stroman","NYM","SP","136","295","188.5","30.8","202.0","+22.0"
"181","Jesse Winker","CIN","LF,CF,RF,DH","111","259","189.4","27.1","222.0","+41.0"
"182","Nick Madrigal","CWS","2B","115","279","191.5","23.4","184.0","+2.0"
"183","Triston McKenzie","CLE","SP","130","397","192.4","36.7","172.0","-11.0"
"184","Nick Solak","TEX","2B,3B,LF,CF","129","265","193.0","29.5","182.0","-2.0"
"185","Gary Sanchez","NYY","C","68","297","193.6","36.5","145.0","-40.0"
"186","Austin Riley","ATL","3B,LF","143","261","193.6","21.1","220.0","+34.0"
"187","Chris Bassitt","OAK","SP","134","285","194.0","32.8","188.0","+1.0"
"188","Andrew Heaney","LAA","SP","143","291","194.1","24.6","200.0","+12.0"
"189","Eduardo Rodriguez","BOS","SP","126","391","195.6","33.7","186.0","-3.0"
"190","Paul DeJong","STL","SS","123","239","195.7","23.6","235.0","+45.0"
"191","Christian Vazquez","BOS","C,1B","115","251","187.2","29.5","163.0","-28.0"
"192","Rafael Montero","SEA","RP","133","328","199.5","27.1","174.0","-18.0"
"193","Carlos Santana","KC","1B","138","291","200.1","32.2","216.0","+23.0"
"194","Jose Urquidy","HOU","SP","140","288","201.1","28.3","196.0","+2.0"
"195","Andrew Benintendi","KC","LF,CF","147","298","201.2","22.9","225.0","+30.0"
"196","Jorge Polanco","MIN","SS","140","286","192.0","28.8","232.0","+36.0"
"197","Zach Eflin","PHI","SP","129","313","203.0","28.0","191.0","-6.0"
"198","James Paxton","SEA","SP","121","291","206.1","27.1","217.0","+19.0"
"199","Jake Cronenworth","SD","1B,2B,SS","138","359","212.1","38.4","183.0","-16.0"
"200","James McCann","NYM","C","154","293","216.1","30.1","197.0","-3.0"
"201","Jameson Taillon","NYY","SP","159","364","216.8","39.4","199.0","-2.0"
"202","Mark Canha","OAK","1B,LF,CF,RF,DH","126","280","217.2","26.4","240.0","+38.0"
"203","John Means","BAL","SP","137","409","220.5","48.3","221.0","+18.0"
"204","Brian Anderson","MIA","3B,RF","141","291","221.3","26.4","257.0","+53.0"
"205","Sean Murphy","OAK","C","157","296","221.4","29.7","205.0","-"
"206","Alex Colome","MIN","RP","140","458","223.2","53.6","164.0","-42.0"
"207","Gavin Lux","LAD","2B","140","291","223.9","34.5","229.0","+22.0"
"208","Dallas Keuchel","CWS","SP","160","515","224.3","67.7","180.0","-28.0"
"209","J.D. Davis","NYM","3B,LF,DH","119","349","224.7","37.9","236.0","+27.0"
"210","Lorenzo Cain","MIL","CF","162","400","224.9","41.4","267.0","+57.0"
"211","Aaron Hicks","NYY","CF","149","293","225.0","25.9","230.0","+19.0"
"212","Hunter Dozier","KC","1B,3B,RF","107","300","218.7","33.0","223.0","+11.0"
"213","Taylor Rogers","MIN","RP","122","329","219.3","45.3","189.0","-24.0"
"214","Michael Pineda","MIN","SP","157","424","229.0","33.0","219.0","+5.0"
"215","Mitch Haniger","SEA","CF,RF","130","301","231.5","28.8","245.0","+30.0"
"216","Will Smith","ATL","RP","103","395","223.1","49.5","179.0","-37.0"
"217","Matt Barnes","BOS","RP","151","346","232.8","35.5","215.0","-2.0"
"218","Richard Rodriguez","PIT","RP","123","340","233.6","35.3","206.0","-12.0"
"219","Eduardo Escobar","ARI","2B,3B","116","288","226.1","36.0","259.0","+40.0"
"220","Drew Pomeranz","SD","SP,RP","153","361","226.2","37.0","194.0","-26.0"
"221","Dustin May","LAD","SP,RP","138","362","219.4","45.9","204.0","-17.0"
"222","Jordan Montgomery","NYY","SP","178","332","238.4","32.9","238.0","+16.0"
"223","Kyle Seager","SEA","3B","128","287","221.1","32.2","242.0","+19.0"
"224","Brandon Nimmo","NYM","LF,CF,RF","162","355","239.1","32.7","249.0","+25.0"
"225","Mitch Garver","MIN","C","173","398","239.3","42.3","208.0","-17.0"
"226","Nick Senzel","CIN","CF","99","311","231.3","40.3","244.0","+18.0"
"227","Andres Gimenez","CLE","2B,3B,SS","127","392","222.7","53.3","185.0","-42.0"
"228","Jared Walsh","LAA","1B","165","494","233.4","58.2","214.0","-14.0"
"229","Sean Manaea","OAK","SP","121","292","235.9","34.4","231.0","+2.0"
"230","Brady Singer","KC","SP","176","562","247.6","67.5","266.0","+36.0"
"231","Chris Taylor","LAD","2B,SS,LF,CF","155","593","233.0","71.2","213.0","-18.0"
"232","David Fletcher","LAA","2B,3B,SS,LF","175","431","241.5","53.2","210.0","-22.0"
"233","Leody Taveras","TEX","CF","147","354","233.1","38.7","237.0","+4.0"
"234","Jarred Kelenic","SEA","CF ","147","422","233.5","49.2","201.0","-33.0"
"235","Nathan Eovaldi","BOS","SP,RP","154","381","242.6","37.1","239.0","+4.0"
"236","Raimel Tapia","COL","LF,CF,DH","133","310","234.8","39.1","226.0","-10.0"
"237","Cristian Javier","HOU","SP","135","520","244.6","63.5","209.0","-28.0"
"238","Austin Nola","SD","C,1B,2B","172","308","226.8","33.6","192.0","-46.0"
"239","Kolten Wong","MIL","2B","166","334","237.5","33.2","251.0","+12.0"
"240","Elieser Hernandez","MIA","SP,RP","157","320","240.8","31.1","260.0","+20.0"
"241","David Peralta","ARI","LF","158","307","242.0","27.2","276.0","+35.0"
"242","Yuli Gurriel","HOU","1B,3B","111","313","246.7","27.7","272.0","+30.0"
"243","Tony Gonsolin","LAD","SP,RP","160","291","230.6","27.2","228.0","-15.0"
"244","Ryan Yarbrough","TB","SP,RP","168","325","245.4","38.1","254.0","+10.0"
"245","Drew Smyly","ATL","SP","202","416","263.2","46.2","353.0","+108.0"
"246","C.J. Cron","COL","1B","86","357","207.9","66.5","243.0","-3.0"
"247","Griffin Canning","LAA","SP","205","510","268.2","52.3","366.0","+119.0"
"248","Jonathan Villar","NYM","2B,SS","142","779","270.0","111.3","190.0","-58.0"
"249","Joey Votto","CIN","1B","119","329","253.1","43.6","306.0","+57.0"
"250","Daulton Varsho","ARI","C,LF,CF","187","312","245.6","32.3","212.0","-38.0"
"251","Jake Odorizzi","HOU","SP","160","370","266.3","42.6","277.0","+26.0"
"252","Victor Reyes","DET","LF,CF,RF","186","611","253.2","77.6","253.0","+1.0"
"253","Jordan Hicks","STL","RP","132","368","250.3","42.2","218.0","-35.0"
"254","Amir Garrett","CIN","RP","182","305","244.4","26.5","248.0","-6.0"
"255","Joakim Soria","ARI","RP","150","374","256.1","44.2","262.0","+7.0"
"256","Chris Sale","BOS","SP ","106","436","256.2","55.2","265.0","+9.0"
"257","Randal Grichuk","TOR","CF,RF","124","426","249.7","57.0","224.0","-33.0"
"258","Greg Holland","KC","RP","172","423","267.8","45.1","227.0","-31.0"
"259","Austin Hays","BAL","LF,CF","168","367","250.9","29.3","278.0","+19.0"
"260","Alex Kirilloff","MIN","RF","178","453","251.0","52.0","246.0","-14.0"
"261","Giovanny Gallegos","STL","RP","150","323","264.5","31.0","270.0","+9.0"
"262","Ryan McMahon","COL","1B,2B,3B","195","372","266.8","36.2","234.0","-28.0"
"263","Archie Bradley","PHI","RP","176","379","275.6","41.2","247.0","-16.0"
"264","Willi Castro","DET","3B,SS","208","429","267.6","43.5","255.0","-9.0"
"265","Jeimer Candelario","DET","1B,3B","179","302","259.4","27.7","287.0","+22.0"
"266","Hector Neris","PHI","RP","186","363","278.0","29.7","305.0","+39.0"
"267","Joc Pederson","CHC","1B,LF,RF,DH","153","359","264.1","43.6","269.0","+2.0"
"268","Mark Melancon","SD","RP","182","386","272.8","44.8","261.0","-7.0"
"269","Zach Davies","CHC","SP","186","723","280.7","94.1","256.0","-13.0"
"270","Bryan Reynolds","PIT","LF,CF,RF","162","381","267.3","34.5","303.0","+33.0"
"271","Kole Calhoun","ARI","RF","113","459","259.9","53.0","282.0","+11.0"
"272","Framber Valdez","HOU","SP,RP","92","386","239.9","68.8","170.0","-102.0"
"273","Ha-seong Kim","SD","2B,SS","155","640","267.1","91.2","207.0","-66.0"
"274","Jose Leclerc","TEX","SP,RP","120","376","271.3","42.5","264.0","-10.0"
"275","Bobby Dalbec","BOS","1B","174","345","265.9","38.8","274.0","-1.0"
"276","Willy Adames","TB","SS","196","394","276.0","38.7","350.0","+74.0"
"277","Elvis Andrus","OAK","SS","179","312","269.4","28.4","335.0","+58.0"
"278","Wander Franco","TB","SS","126","884","291.5","121.5","275.0","-3.0"
"279","Manuel Margot","TB","LF,CF,RF","224","414","279.5","32.9","279.0","-"
"280","Buster Posey","SF","C,1B","156","356","285.6","29.3","252.0","-28.0"
"281","Garrett Hampson","COL","2B,SS,LF,CF","156","484","290.9","61.4","286.0","+5.0"
"282","Brandon Belt","SF","1B,LF","169","366","276.1","43.1","345.0","+63.0"
"283","Justus Sheffield","SEA","SP","172","678","292.4","85.3","368.0","+85.0"
"284","Alex Dickerson","SF","LF","157","404","279.8","51.5","297.0","+13.0"
"285","Matthew Boyd","DET","SP","187","681","290.7","87.2","283.0","-2.0"
"286","Nate Pearson","TOR","SP","195","528","281.0","60.7","258.0","-28.0"
"287","Kwang Hyun Kim","STL","SP","190","387","280.8","42.7","273.0","-14.0"
"288","Carson Kelly","ARI","C","201","407","291.1","42.6","293.0","+5.0"
"289","Yadier Molina","STL","C","213","376","291.6","41.9","250.0","-39.0"
"290","Taijuan Walker","NYM","SP","207","410","292.7","36.4","280.0","-10.0"
"291","Diego Castillo","TB","SP,RP","140","369","277.2","41.8","263.0","-28.0"
"292","Dane Dunning","TEX","SP","197","626","295.9","76.3","369.0","+77.0"
"293","Jesus Aguilar","MIA","1B,DH","162","463","281.7","50.1","379.0","+86.0"
"294","Mike Minor","KC","SP","207","551","295.8","69.9","304.0","+10.0"
"295","Jon Berti","MIA","2B,3B,SS,CF,RF","223","537","307.0","62.3","281.0","-14.0"
"296","Tommy La Stella","SF","1B,2B,3B","213","462","299.4","61.8","314.0","+18.0"
"297","Amed Rosario","CLE","SS","228","492","301.3","58.0","340.0","+43.0"
"298","Rowdy Tellez","TOR","1B,DH","173","324","281.3","31.5","296.0","-2.0"
"299","Andrew Vaughn","CWS","1B ","157","845","275.5","146.4","233.0","-66.0"
"300","Domingo German","NYY","SP","181","434","277.2","54.2","241.0","-59.0"
"301","Noah Syndergaard","NYM","SP ","208","440","291.1","44.1","268.0","-33.0"
"302","Anthony Bass","MIA","RP","157","358","280.7","40.8","289.0","-13.0"
"303","Daniel Bard","COL","RP","223","446","292.7","49.0","271.0","-32.0"
"304","Yusei Kikuchi","SEA","SP","203","575","296.0","70.3","372.0","+68.0"
"305","Ty France","SEA","2B,3B,DH","164","439","293.9","61.7","292.0","-13.0"
"306","David Dahl","TEX","LF,CF,RF","229","604","330.2","79.3","375.0","+69.0"
"307","Freddy Peralta","MIL","SP,RP","183","380","287.9","49.8","312.0","+5.0"
"308","Jurickson Profar","SD","2B,LF","173","471","304.7","64.4","311.0","+3.0"
"309","Jorge Alfaro","MIA","C","256","367","307.4","30.2","290.0","-19.0"
"310","Cesar Hernandez","CLE","2B","150","401","288.4","49.0","317.0","+7.0"
"311","Chris Martin","ATL","RP","130","421","298.4","47.3","325.0","+14.0"
"312","Adam Eaton","CWS","LF,RF","217","342","299.1","34.0","315.0","+3.0"
"313","Justin Upton","LAA","LF","165","367","277.9","61.6","310.0","-3.0"
"314","Tarik Skubal","DET","SP","221","505","296.2","59.9","370.0","+56.0"
"315","MacKenzie Gore","SD","SP ","261","558","332.8","69.0","309.0","-6.0"
"316","Starlin Castro","WSH","2B,3B","155","463","285.6","65.6","333.0","+17.0"
"317","Pete Fairbanks","TB","RP","180","369","288.1","50.9","329.0","+12.0"
"318","Josh Lindblom","MIL","SP","194","373","303.5","37.2","327.0","+9.0"
"319","Isiah Kiner-Falefa","TEX","C,3B,SS","193","405","295.6","44.4","291.0","-28.0"
"320","Nate Lowe","TEX","1B","208","593","301.3","80.9","382.0","+62.0"
"321","Jo Adell","LAA","RF ","204","1158","383.3","219.0","342.0","+21.0"
"322","Brad Keller","KC","SP","194","749","327.6","119.8","371.0","+49.0"
"323","Luis Severino","NYY","SP ","147","451","301.8","55.6","316.0","-7.0"
"324","Wilson Ramos","DET","C","199","425","317.1","51.3","308.0","-16.0"
"325","Renato Nunez","DET","1B,3B,DH","187","446","319.3","68.0","432.0","+107.0"
"326","Myles Straw","HOU","SS,CF","173","343","281.4","34.8","322.0","-4.0"
"327","Mauricio Dubon","SF","2B,SS,CF","221","487","325.0","56.9","349.0","+22.0"
"328","Corey Dickerson","MIA","LF","175","401","301.7","51.6","343.0","+15.0"
"329","Deivi Garcia","NYY","SP","226","550","332.5","74.9","294.0","-35.0"
"330","Jonathan Schoop","DET","2B","161","398","279.3","54.4","334.0","+4.0"
"331","Robbie Ray","TOR","SP","245","750","345.1","116.6","288.0","-43.0"
"332","Nick Ahmed","ARI","SS","159","386","303.1","57.5","386.0","+54.0"
"333","Jackie Bradley Jr.","MIL","CF","193","397","319.7","40.6","328.0","-5.0"
"334","Mitch Keller","PIT","SP","230","673","339.5","102.1","376.0","+42.0"
"335","Danny Jansen","TOR","C","199","425","328.0","53.8","326.0","-9.0"
"336","Andrelton Simmons","MIN","SS","204","511","341.0","78.5","435.0","+99.0"
"337","Emilio Pagan","SD","RP","106","451","300.6","85.4","361.0","+24.0"
"338","Madison Bumgarner","ARI","SP","165","768","355.5","142.5","284.0","-54.0"
"339","Jordan Romano","TOR","RP","145","462","303.7","78.5","358.0","+19.0"
"340","Michael Kopech","CWS","SP","242","470","322.0","54.1","285.0","-55.0"
"341","Jake McGee","SF","RP","150","443","306.4","62.5","298.0","-43.0"
"342","Yan Gomes","WSH","C","265","430","336.9","48.6","346.0","+4.0"
"343","Evan White","SEA","1B","216","391","304.1","51.6","436.0","+93.0"
"344","Willie Calhoun","TEX","LF,DH","244","474","340.2","78.5","381.0","+37.0"
"345","Tejay Antone","CIN","SP,RP","159","491","332.3","80.6","302.0","-43.0"
"346","Oscar Mercado","CLE","LF,CF,RF","199","441","337.6","61.3","508.0","+162.0"
"347","Luis Arraez","MIN","2B,3B,LF","205","368","303.6","44.6","347.0","-"
"348","Miles Mikolas","STL","SP","234","462","338.8","64.9","390.0","+42.0"
"349","Yimi Garcia","MIA","RP","215","401","324.5","42.2","313.0","-36.0"
"350","Colin Moran","PIT","1B,2B,3B,DH","189","374","306.6","30.7","404.0","+54.0"
"351","Yasiel Puig","","RF ","165","467","341.4","84.3","374.0","+23.0"
"352","Josh Naylor","CLE","LF,RF","226","393","341.6","41.2","408.0","+56.0"
"353","Sam Hilliard","COL","LF,CF,RF","260","426","341.8","39.6","391.0","+38.0"
"354","Stefan Crichton","ARI","RP","268","613","368.3","91.6","300.0","-54.0"
"355","Tom Murphy","SEA","C","217","452","348.6","72.2","344.0","-11.0"
"356","Avisail Garcia","MIL","CF,RF","167","479","334.4","61.2","348.0","-8.0"
"357","Alejandro Kirk","TOR","C","200","543","355.9","83.1","301.0","-56.0"
"358","Robbie Grossman","DET","LF,RF","243","427","339.1","51.9","438.0","+80.0"
"359","Spencer Turnbull","DET","SP","290","711","382.4","107.6","427.0","+68.0"
"360","Spencer Howard","PHI","SP","253","619","365.3","91.3","384.0","+24.0"
"361","Alex Reyes","STL","RP","193","451","356.8","60.2","336.0","-25.0"
"362","J.A. Happ","MIN","SP","270","617","378.2","79.4","385.0","+23.0"
"363","Scott Kingery","PHI","2B,3B,SS,LF,CF","263","626","371.8","91.5","354.0","-9.0"
"364","Caleb Smith","ARI","SP","280","642","360.8","95.4","324.0","-40.0"
"365","Jake Diekman","OAK","RP","244","350","317.6","21.3","295.0","-70.0"
"366","Dylan Cease","CWS","SP","254","759","389.8","134.1","319.0","-47.0"
"367","Hunter Renfroe","BOS","LF,RF","196","409","319.4","48.9","356.0","-11.0"
"368","Jason Heyward","CHC","CF,RF","209","440","344.7","59.3","364.0","-4.0"
"369","Joey Wendle","TB","2B,3B,SS","259","638","375.5","94.1","321.0","-48.0"
"370","Adbert Alzolay","CHC","SP","271","504","349.6","55.5","496.0","+126.0"
"371","Franchy Cordero","BOS","RF","244","536","370.8","76.7","509.0","+138.0"
"372","Adam Wainwright","STL","SP","261","582","388.1","72.2","299.0","-73.0"
"373","Luke Weaver","ARI","SP","287","609","379.8","79.9","402.0","+29.0"
"374","Casey Mize","DET","SP","259","775","411.1","155.9","307.0","-67.0"
"375","Cristian Pache","ATL","LF","246","458","343.9","67.2","320.0","-55.0"
"376","Tyler O'Neill","STL","LF","199","428","323.3","66.9","395.0","+19.0"
"377","Pedro Severino","BAL","C,DH","263","511","363.6","67.8","318.0","-59.0"
"378","Adam Ottavino","BOS","RP","214","467","347.4","75.3","363.0","-15.0"
"379","Miguel Rojas","MIA","SS","201","413","332.0","52.0","453.0","+74.0"
"380","Lucas Sims","CIN","SP,RP","215","463","352.6","48.0","397.0","+17.0"
"381","Maikel Franco","BAL","3B","247","427","339.1","66.2","447.0","+66.0"
"382","Trevor Rogers","MIA","SP","244","490","343.1","72.5","411.0","+29.0"
"383","Austin Slater","SF","1B,RF,DH","264","743","422.3","158.4","399.0","+16.0"
"384","A.J. Puk","OAK","RP","222","624","382.3","94.8","337.0","-47.0"
"385","Adam Duvall","MIA","LF,RF","222","459","352.3","62.8","341.0","-44.0"
"386","Seth Lugo","NYM","SP,RP","227","387","335.0","32.2","394.0","+8.0"
"387","Max Stassi","LAA","C","261","598","397.4","96.1","440.0","+53.0"
"388","Stephen Piscotty","OAK","RF","217","452","360.9","46.1","474.0","+86.0"
"389","Kike Hernandez","BOS","2B,SS,LF,CF,RF","186","477","379.6","74.1","351.0","-38.0"
"390","Wilmer Flores","SF","1B,2B,DH","289","698","403.0","123.5","380.0","-10.0"
"391","Miguel Cabrera","DET","1B,DH","246","389","315.7","42.0","357.0","-34.0"
"392","Jose Iglesias","LAA","SS,DH","244","448","367.4","39.5","449.0","+57.0"
"393","Garrett Richards","BOS","SP","264","654","421.0","111.5","505.0","+112.0"
"394","Rich Hill","TB","SP","278","555","389.3","92.1","389.0","-5.0"
"395","Evan Longoria","SF","3B","239","420","368.8","43.7","525.0","+130.0"
"396","Michael Lorenzen","CIN","RP","256","751","442.1","136.4","434.0","+38.0"
"397","JaCoby Jones","DET","CF","265","464","391.0","50.5","524.0","+127.0"
"398","Harrison Bader","STL","CF","210","466","331.8","92.1","532.0","+134.0"
"399","Jacob Stallings","PIT","C","292","446","393.4","34.0","458.0","+59.0"
"400","Omar Narvaez","MIL","C","281","512","394.8","67.5","378.0","-22.0"
"401","Tanner Scott","BAL","RP","186","495","380.9","66.8","426.0","+25.0"
"402","Chad Green","NYY","SP,RP","190","520","341.2","102.6","362.0","-40.0"
"403","Rougned Odor","TEX","2B","240","511","385.4","80.6","425.0","+22.0"
"404","Tanner Rainey","WSH","RP","270","480","385.5","57.6","454.0","+50.0"
"405","Garrett Cooper","MIA","1B,RF,DH","320","737","440.9","139.1","455.0","+50.0"
"406","Aaron Bummer","CWS","RP","227","478","345.8","99.7","355.0","-51.0"
"407","Chris Archer","TB","SP","251","574","421.3","91.1","352.0","-55.0"
"408","Ryan Jeffers","MIN","C","279","490","389.9","45.5","431.0","+23.0"
"409","Brendan Rodgers","COL","2B,SS","281","677","423.4","112.9","401.0","-8.0"
"410","Trevor May","NYM","RP","196","460","376.1","57.6","359.0","-51.0"
"411","Reyes Moronta","SF","RP","279","623","375.5","116.1","464.0","+53.0"
"412","Tanner Houck","BOS","SP ","295","758","441.9","151.2","373.0","-39.0"
"413","Gregory Polanco","PIT","RF","255","572","390.0","98.3","409.0","-4.0"
"414","Donovan Solano","SF","2B,3B,SS","262","423","381.7","51.4","407.0","-7.0"
"415","J.P. Crawford","SEA","SS","268","510","383.0","72.6","515.0","+100.0"
"416","Kurt Suzuki","LAA","C","270","507","411.8","59.2","398.0","-18.0"
"417","Elias Diaz","COL","C","261","456","370.5","62.8","462.0","+45.0"
"418","Kevin Kiermaier","TB","CF","253","468","372.2","81.3","470.0","+52.0"
"419","Sam Huff","TEX","C","247","1202","490.2","326.5","388.0","-31.0"
"420","Merrill Kelly","ARI","SP","296","507","375.7","68.2","430.0","+10.0"
"421","Edwin Rios","LAD","1B,3B","329","1150","531.1","279.7","428.0","+7.0"
"422","Yandy Diaz","TB","1B,3B","281","480","412.1","50.3","539.0","+117.0"
"423","Tyler Duffey","MIN","RP","243","550","386.8","103.4","410.0","-13.0"
"424","Roberto Osuna","","RP ","281","501","383.3","74.6","323.0","-101.0"
"425","Carlos Martinez","STL","SP,RP","280","621","407.7","106.1","332.0","-93.0"
"426","Jose Quintana","LAA","SP,RP","215","618","446.0","106.0","400.0","-26.0"
"427","Niko Goodrum","DET","1B,2B,SS,LF,CF,RF","299","557","437.0","73.3","452.0","+25.0"
"428","Kevin Pillar","NYM","CF,RF","282","659","437.3","98.4","383.0","-45.0"
"429","Shogo Akiyama","CIN","LF,CF","279","659","456.8","103.0","526.0","+97.0"
"430","Blake Treinen","LAD","RP","271","508","381.6","82.5","365.0","-65.0"
"431","David Peterson","NYM","SP,RP","326","493","404.0","56.3","497.0","+66.0"
"432","Nick Wittgren","CLE","RP","297","553","412.7","71.0","487.0","+55.0"
"433","Brusdar Graterol","LAD","RP","206","491","386.2","82.1","360.0","-73.0"
"434","Anthony DeSclafani","SF","SP","293","580","453.0","89.2","512.0","+78.0"
"435","Mike Mayers","LAA","RP","339","481","409.2","48.1","482.0","+47.0"
"436","Tyler Matzek","ATL","RP","287","422","359.0","48.0","499.0","+63.0"
"437","Luis Garcia","WSH","2B","258","726","480.3","181.7","500.0","+63.0"
"438","Hunter Harvey","BAL","RP ","262","607","413.8","110.8","339.0","-99.0"
"439","Francisco Mejia","TB","C","273","770","482.1","134.7","421.0","-18.0"
"440","Cesar Valdez","BAL","RP","260","645","438.8","119.0","779.0","+339.0"
"441","Joely Rodriguez","TEX","RP","354","467","398.8","40.0","703.0","+262.0"
"442","Adam Frazier","PIT","2B,LF","267","514","431.4","57.2","448.0","+6.0"
"443","Nico Hoerner","CHC","2B,3B,SS","297","496","418.0","39.9","441.0","-2.0"
"444","Matt Shoemaker","MIN","SP","337","516","402.0","71.6","422.0","-22.0"
"445","Josh Staumont","KC","RP","250","582","453.1","95.8","445.0","-"
"446","Zack Britton","NYY","RP","340","575","438.8","93.8","330.0","-116.0"
"447","Keegan Akin","BAL","SP","244","875","538.5","239.6","570.0","+123.0"
"448","Jonathan Hernandez","TEX","RP","316","588","435.2","120.9","393.0","-55.0"
"449","Keone Kela","SD","RP","260","505","407.0","85.0","712.0","+263.0"
"450","Alex Wood","SF","SP,RP","275","591","446.3","100.9","417.0","-33.0"
"451","Bryan Garcia","DET","RP","283","706","482.1","134.6","450.0","-1.0"
"452","Emmanuel Clase","CLE","RP","284","455","382.8","65.7","418.0","-34.0"
"453","Dean Kremer","BAL","SP","234","821","523.5","212.0","558.0","+105.0"
"454","Michael Chavis","BOS","1B,2B,LF","314","1116","572.0","266.4","522.0","+68.0"
"455","DJ Stewart","BAL","LF,RF","320","773","505.3","175.3","582.0","+127.0"
"456","Josh Rojas","ARI","2B,LF,RF","350","1258","589.0","323.5","513.0","+57.0"
"457","J.B. Wendelken","OAK","RP","309","669","462.7","114.2","419.0","-38.0"
"458","Victor Gonzalez","LAD","RP","232","556","372.0","135.9","429.0","-29.0"
"459","Luis Urias","MIL","2B,3B,SS","371","680","470.3","97.8","517.0","+58.0"
"460","Jose Alvarado","PHI","RP","258","482","420.6","53.2","510.0","+50.0"
"461","Ji-Man Choi","TB","1B","295","562","431.4","100.4","475.0","+14.0"
"462","JT Brubaker","PIT","SP","336","563","446.3","77.8","542.0","+80.0"
"463","Cedric Mullins II","BAL","CF","304","1203","582.8","301.4","538.0","+75.0"
"464","Matt Wisler","SF","SP,RP","321","471","422.8","55.7","659.0","+195.0"
"465","Tyler Rogers","SF","RP","342","674","469.3","109.5","628.0","+163.0"
"466","A.J. Minter","ATL","RP","328","544","409.8","82.4","608.0","+142.0"
"467","Tyler Stephenson","CIN","C","349","676","466.2","100.7","442.0","-25.0"
"468","Khris Davis","TEX","DH","336","842","510.2","167.6","463.0","-5.0"
"469","Mitch Moreland","OAK","1B","276","567","454.3","83.2","466.0","-3.0"
"470","Brent Suter","MIL","SP,RP","225","603","457.4","117.9","424.0","-46.0"
"471","Martin Maldonado","HOU","C","314","605","450.4","100.6","406.0","-65.0"
"472","Mike Zunino","TB","C","293","715","497.2","154.6","502.0","+30.0"
"473","Adrian Houser","MIL","SP,RP","392","608","476.5","91.5","537.0","+64.0"
"474","Andrew Miller","STL","RP","343","581","456.6","99.1","660.0","+186.0"
"475","Corey Knebel","LAD","RP","344","560","425.8","86.2","642.0","+167.0"
"476","Roberto Perez","CLE","C","354","805","491.8","161.2","568.0","+92.0"
"477","Pierce Johnson","SD","RP","331","556","425.5","82.2","795.0","+318.0"
"478","Rowan Wick","CHC","RP","358","626","457.0","92.9","504.0","+26.0"
"479","Kris Bubic","KC","SP ","369","757","503.2","139.0","536.0","+57.0"
"480","Alex Cobb","LAA","SP","315","800","533.8","171.9","490.0","+10.0"
"481","Yoshi Tsutsugo","TB","3B,LF,DH","333","930","564.4","233.8","545.0","+64.0"
"482","Joe Jimenez","DET","RP","274","583","456.8","107.7","635.0","+153.0"
"483","Jazz Chisholm","MIA","2B,SS","302","1151","563.4","301.0","527.0","+44.0"
"484","Sean Doolittle","CIN","RP","318","590","467.2","90.3","605.0","+121.0"
"485","Joey Bart","SF","C ","347","1123","593.6","289.6","437.0","-48.0"
"486","Dylan Floro","MIA","RP","327","419","388.0","43.1","854.0","+368.0"
"487","Carter Kieboom","WSH","3B,SS","334","630","483.2","92.1","392.0","-95.0"
"488","Chad Pinder","OAK","2B,3B,LF,RF","339","1103","589.4","280.7","580.0","+92.0"
"489","Rafael Dolis","TOR","RP","350","615","449.8","99.3","460.0","-29.0"
"490","Brandon Workman","CHC","RP","385","549","462.0","66.0","514.0","+24.0"
"491","Matt Manning","DET","SP ","367","568","455.0","66.0","548.0","+57.0"
"492","Hanser Alberto","KC","2B,3B ","231","793","561.3","182.4","468.0","-24.0"
"493","Randy Dobnak","MIN","SP","358","627","472.6","95.5","456.0","-37.0"
"494","Bobby Witt Jr.","KC","SS ","202","494","348.0","146.0","338.0","-156.0"
"495","Will Harris","WSH","RP","315","596","451.0","101.9","850.0","+355.0"
"496","Danny Duffy","KC","SP","385","771","507.8","131.2","531.0","+35.0"
"497","Daniel Ponce de Leon","STL","SP,RP","375","628","481.7","88.0","523.0","+26.0"
"498","Joe Smith","HOU","RP","308","564","444.5","91.3","818.0","+320.0"
"499","Spencer Torkelson","DET","1B,3B ","238","1353","642.0","423.1","403.0","-96.0"
"500","Freddy Galvis","BAL","2B,SS","346","585","430.0","109.7","554.0","+54.0"
"501","Brandon Kintzler","PHI","RP ","384","620","504.3","90.3","387.0","-114.0"
"502","Scott Barlow","KC","RP","338","585","451.0","93.2","594.0","+92.0"
"503","Joey Lucchesi","NYM","SP","361","603","466.6","79.3","603.0","+100.0"
"504","Yusmeiro Petit","OAK","RP","334","538","440.5","72.7","535.0","+31.0"
"505","Adrian Morejon","SD","SP,RP","386","642","475.6","89.8","557.0","+52.0"
"506","Darren O'Day","NYY","RP","333","608","458.5","98.1","951.0","+445.0"
"507","Isaac Paredes","DET","3B","313","1229","667.4","338.7","591.0","+84.0"
"508","Dellin Betances","NYM","RP","371","609","479.8","92.7","661.0","+153.0"
"509","Edwin Encarnacion","","1B,DH ","319","784","554.8","180.9","625.0","+116.0"
"510","Ian Kennedy","TEX","RP ","232","719","521.8","184.3","863.0","+353.0"
"511","Jeremy Jeffress","","RP ","279","584","440.7","125.2","465.0","-46.0"
"512","Chance Sisco","BAL","C","363","771","508.8","146.1","579.0","+67.0"
"513","Steven Matz","TOR","SP","341","774","547.8","159.1","423.0","-90.0"
"514","Travis Lakins Sr.","BAL","SP,RP","241","1119","697.7","359.3","910.0","+396.0"
"515","Collin McHugh","TB","SP,RP","366","487","446.0","49.2","805.0","+290.0"
"516","Gregory Soto","DET","SP,RP","268","686","510.2","137.3","413.0","-103.0"
"517","Kyle Freeland","COL","SP","328","1206","694.2","333.2","478.0","-39.0"
"518","Connor Brogdon","PHI","RP","340","600","457.7","107.6","807.0","+289.0"
"519","Cody Stashak","MIN","RP","356","508","428.3","62.3","970.0","+451.0"
"520","Tyler Clippard","ARI","SP,RP","394","481","449.5","33.1","844.0","+324.0"
"521","Danny Santana","BOS","1B,2B,3B,SS,LF,CF,RF ","281","1251","705.0","338.6","689.0","+168.0"
"522","Andrew Chafin","CHC","RP","353","546","441.7","79.6","",""
"523","Pedro Baez","HOU","RP ","285","610","486.6","79.4","760.0","+237.0"
"524","Dee Strange-Gordon","CIN","2B,LF ","288","1296","703.2","352.4","507.0","-17.0"
"525","Adley Rutschman","BAL","C ","388","1137","604.0","254.3","331.0","-194.0"
"526","Cameron Maybin","CHC","LF,RF ","273","1307","823.3","424.8","729.0","+203.0"
"527","Mike Brosseau","TB","1B,2B,3B","404","1049","639.0","262.6","412.0","-115.0"
"528","Daniel Vogelbach","MIL","1B,DH","274","1139","699.5","328.3","674.0","+146.0"
"529","Gio Gonzalez","MIA","SP,RP ","274","1092","676.7","334.1","",""
"530","Steven Wright","PIT","SP,RP ","275","1134","704.5","429.5","",""
"531","Austin Adams","","RP ","326","460","393.0","67.0","763.0","+232.0"
"532","Pedro Strop","CHC","RP ","276","728","502.0","226.0","680.0","+148.0"
"533","Ross Stripling","TOR","SP,RP","360","571","483.4","74.2","528.0","-5.0"
"534","Robert Stock","CHC","RP ","277","982","629.5","352.5","",""
"535","Anthony Swarzak","ARI","RP ","278","851","564.5","286.5","",""
"536","Jonathan Loaisiga","NYY","SP,RP","376","633","483.3","94.2","469.0","-67.0"
"537","Josh Fleming","TB","SP","331","582","477.8","95.5","457.0","-80.0"
"538","Mike Freeman","CIN","2B,3B,SS ","280","1423","870.3","467.4","694.0","+156.0"
"539","Jairo Diaz","COL","RP","280","1102","656.3","297.4","923.0","+384.0"
"540","Brendan McKay","TB","SP,DH ","282","554","448.7","119.2","518.0","-22.0"
"541","Brent Honeywell Jr.","TB","SP ","374","589","491.8","78.1","655.0","+114.0"
"542","Eric Sogard","CHC","2B,3B,RF ","283","1298","824.0","417.1","732.0","+190.0"
"543","Taylor Trammell","SEA","LF","284","1344","768.3","380.0","520.0","-23.0"
"544","Marcus Walden","BOS","RP ","284","1074","679.0","395.0","",""
"545","Scott Oberg","COL","RP","378","567","482.0","85.2","626.0","+81.0"
"546","Chris Owings","COL","2B,3B,SS,CF","286","1317","817.7","421.5","706.0","+160.0"
"547","Billy Hamilton","CWS","CF ","287","1332","809.5","522.5","633.0","+86.0"
"548","Andrew Kittredge","TB","SP,RP ","289","692","490.5","201.5","",""
"549","Brandon Crawford","SF","SS","390","523","469.0","47.6","461.0","-88.0"
"550","Carlos Rodon","CWS","SP","335","702","542.0","128.0","493.0","-57.0"
"551","Brandon Finnegan","CIN","SP,RP ","292","617","454.5","162.5","",""
"552","Matt Foster","CWS","RP","360","553","452.0","79.0","506.0","-46.0"
"553","Keury Mella","ARI","RP ","293","1047","670.0","377.0","",""
"554","Gerardo Reyes","LAA","RP ","294","720","507.0","213.0","",""
"555","Jacob Waguespack","TOR","SP,RP ","295","1005","650.0","355.0","",""
"556","Paul Blackburn","OAK","SP ","296","619","457.5","161.5","",""
"557","Phil Maton","CLE","RP","395","582","475.3","67.4","827.0","+270.0"
"558","Kyle Wright","ATL","SP","330","730","543.0","152.1","481.0","-77.0"
"559","Tim Lopes","MIL","LF,RF,DH ","300","1321","810.5","510.5","881.0","+322.0"
"560","Cal Quantrill","CLE","SP,RP","385","807","585.4","158.8","405.0","-155.0"
"561","Orlando Arcia","MIL","SS","411","519","471.8","36.1","564.0","+3.0"
"562","David Bote","CHC","2B,3B","385","899","587.6","189.4","561.0","-1.0"
"563","Luis Torrens","SEA","C","408","661","503.0","79.3","569.0","+6.0"
"564","Tucker Barnhart","CIN","C","262","527","474.2","42.4","476.0","-88.0"
"565","Luke Bard","LAA","SP,RP","311","1018","664.5","353.5","",""
"566","Daniel Hudson","WSH","RP","408","584","479.3","66.5","396.0","-170.0"
"567","Chris Flexen","SEA","SP,RP","371","650","523.0","115.3","444.0","-123.0"
"568","Marwin Gonzalez","BOS","1B,2B,3B,LF,RF","347","969","597.8","194.8","414.0","-154.0"
"569","Josh Fuentes","COL","1B","382","691","528.3","122.0","473.0","-96.0"
"570","Vince Velasquez","PHI","SP,RP","368","694","540.0","112.5","588.0","+18.0"
"571","Johnny Cueto","SF","SP","332","762","560.0","153.5","415.0","-156.0"
"572","Adam Kolarek","OAK","RP","383","495","453.7","50.2","969.0","+397.0"
"573","Victor Caratini","SD","C,1B,DH","423","667","507.5","94.2","472.0","-101.0"
"574","Kohei Arihara","TEX","SP","410","443","426.5","16.5","546.0","-28.0"
"575","Alec Mills","CHC","SP,RP","199","782","563.6","139.8","377.0","-198.0"
"576","Albert Pujols","LAA","1B,DH","343","1108","711.8","273.8","492.0","-84.0"
"577","Tim Hill","SD","RP","396","503","455.0","44.4","",""
"578","Michael A. Taylor","KC","LF,CF,RF","427","1146","681.5","294.4","601.0","+23.0"
"579","Luis Patino","TB","RP ","445","735","532.0","99.7","443.0","-136.0"
"580","Kevin Ginkel","ARI","RP","398","462","430.0","32.0","782.0","+202.0"
"581","Matt Strahm","SD","SP,RP","387","599","493.0","75.0","851.0","+270.0"
"582","Codi Heuer","CWS","RP","392","526","463.0","55.0","793.0","+211.0"
"583","Jesse Hahn","KC","RP","405","491","459.3","38.6","739.0","+156.0"
"584","Austin Barnes","LAD","C","400","736","533.4","112.6","489.0","-95.0"
"585","Jeter Downs","BOS","SS ","361","1365","813.3","381.4","574.0","-11.0"
"586","Justin Topa","MIL","RP","361","654","507.5","146.5","",""
"587","Jake Bauers","CLE","1B,LF","362","1230","749.5","312.2","676.0","+89.0"
"588","Michael Fulmer","DET","SP","365","1046","698.2","230.1","671.0","+83.0"
"589","Garrett Crochet","CWS","RP","403","502","463.3","43.2","367.0","-222.0"
"590","Roman Quinn","PHI","CF","412","1121","710.0","286.9","576.0","-14.0"
"591","Mychal Givens","COL","RP","438","562","490.0","47.8","684.0","+93.0"
"592","Miguel Andujar","NYY","3B,LF","377","1233","761.8","338.2","471.0","-121.0"
"593","Jose Trevino","TEX","C","429","603","514.6","64.8","575.0","-18.0"
"594","Evan Marshall","CWS","RP","411","502","468.0","40.6","803.0","+209.0"
"595","Justin Dunn","SEA","SP","433","797","609.5","163.8","571.0","-24.0"
"596","Travis Shaw","MIL","1B,3B","384","1196","701.0","300.6","616.0","+20.0"
"597","Genesis Cabrera","STL","RP","412","549","481.7","56.0","764.0","+167.0"
"598","Matt Moore","PHI","SP","174","789","587.6","139.3","494.0","-104.0"
"599","Aaron Loup","NYM","RP","388","536","462.0","74.0","",""
"600","Austin Adams","SD","RP","402","497","449.5","47.5","",""
"601","Sergio Romo","OAK","RP","442","635","522.6","70.3","578.0","-23.0"
"602","Alex Avila","WSH","C","393","1122","757.5","364.5","833.0","+231.0"
"603","Antonio Senzatela","COL","SP","442","1264","751.6","316.8","565.0","-38.0"
"604","Lou Trivino","OAK","RP","467","602","510.2","51.5","762.0","+158.0"
"605","Odubel Herrera","PHI","2B,CF ","396","854","665.3","195.5","724.0","+119.0"
"606","Jared Oliva","PIT","LF ","454","1180","702.4","293.0","566.0","-40.0"
"607","Jason Castro","HOU","C","401","779","567.3","157.6","592.0","-15.0"
"608","Isan Diaz","MIA","2B","403","1201","735.0","290.9","697.0","+89.0"
"609","Edward Olivares","KC","LF,CF,RF ","427","1145","686.2","270.8","572.0","-37.0"
"610","Logan Gilbert","SEA","SP ","448","613","519.3","66.1","433.0","-177.0"
"611","Matt Carpenter","STL","3B,DH","406","1077","657.0","251.8","609.0","-2.0"
"612","Jakob Junis","KC","SP","407","718","563.0","112.3","583.0","-29.0"
"613","Enoli Paredes","HOU","RP","407","571","514.8","64.9","555.0","-58.0"
"614","Craig Stammen","SD","RP","413","601","533.3","85.3","",""
"615","Nomar Mazara","DET","RF","315","656","538.8","76.8","563.0","-52.0"
"616","Kyle Gibson","TEX","SP,RP","415","968","697.3","228.1","446.0","-170.0"
"617","Jose Cisnero","DET","RP","417","571","494.0","77.0","789.0","+172.0"
"618","Tony Watson","PHI","RP ","449","595","507.7","63.0","838.0","+220.0"
"619","Sam Selman","SF","RP","430","545","491.3","47.3","747.0","+128.0"
"620","John Curtiss","MIA","SP,RP","425","552","488.5","63.5","556.0","-64.0"
"621","Daulton Jefferies","OAK","SP","431","567","515.5","54.1","634.0","+13.0"
"622","Joe Kelly","LAD","RP","427","561","494.0","67.0","624.0","+2.0"
"623","Ender Inciarte","ATL","CF","428","1177","765.8","272.2","533.0","-90.0"
"624","Rio Ruiz","BAL","1B,3B","456","776","553.2","114.6","559.0","-65.0"
"625","Anthony Misiewicz","SEA","RP","468","648","529.0","84.2","948.0","+323.0"
"626","Jon Gray","COL","SP","213","850","630.2","178.5","467.0","-159.0"
"627","Jorge Alcala","MIN","RP","435","638","536.5","101.5","621.0","-6.0"
"628","Ty Buttrey","LAA","RP","457","597","514.3","59.9","802.0","+174.0"
"629","Adam Engel","CWS","CF,RF","437","1212","771.5","286.2","757.0","+128.0"
"630","Stephen Vogt","ARI","C,LF","437","1107","722.0","282.5","610.0","-20.0"
"631","Darwinzon Hernandez","BOS","RP","439","731","580.3","103.6","544.0","-87.0"
"632","Mike Tauchman","NYY","LF,CF,RF","454","1293","784.5","339.4","501.0","-131.0"
"633","Miguel Castro","NYM","RP","469","647","533.7","80.4","733.0","+100.0"
"634","Monte Harrison","MIA","CF,RF ","444","1361","784.0","410.2","714.0","+80.0"
"635","Oliver Perez","CLE","RP ","444","611","527.5","83.5","",""
"636","Dom Nunez","COL","C","445","970","707.5","262.5","584.0","-52.0"
"637","Blake Parker","CLE","RP ","466","623","527.0","68.7","723.0","+86.0"
"638","David Phelps","TOR","RP","448","555","501.5","53.5","",""
"639","Harold Ramirez","CLE","LF,CF,RF","449","1341","828.8","336.6","",""
"640","Felix Pena","LAA","SP,RP","450","520","485.0","35.0","820.0","+180.0"
"641","Clarke Schmidt","NYY","P,RP,SP","451","864","624.8","150.3","587.0","-54.0"
"642","Kevin Newman","PIT","2B,SS","309","669","551.6","75.6","549.0","-93.0"
"643","Shane Greene","","RP ","452","576","514.0","62.0","586.0","-57.0"
"644","Ronald Guzman","TEX","1B","454","1287","783.3","308.0","521.0","-123.0"
"645","John Gant","STL","RP","454","621","547.3","69.6","784.0","+139.0"
"646","Blake Taylor","HOU","RP","455","642","548.5","93.5","",""
"647","Cody Reed","TB","RP","460","653","556.5","96.5","",""
"648","Patrick Sandoval","LAA","SP","461","648","559.3","76.6","623.0","-25.0"
"649","Richard Bleier","MIA","RP","464","662","563.0","99.0","",""
"650","Justin Wilson","NYY","RP","465","599","532.0","67.0","",""
"651","Wander Suero","WSH","RP","489","651","543.0","76.4","",""
"652","Jose Marmolejos","SEA","LF,DH","468","1244","821.5","293.0","808.0","+156.0"
"653","Tyler Ivey","HOU","SP,RP ","468","623","545.5","77.5","717.0","+64.0"
"654","Edward Cabrera","MIA","SP,RP ","470","620","545.0","75.0","604.0","-50.0"
"655","Alex Claudio","LAA","RP","472","785","607.3","131.2","",""
"656","Taylor Widener","ARI","SP,RP","472","598","535.0","63.0","",""
"657","Tyler Webb","STL","RP","482","663","548.7","81.2","",""
"658","Jay Bruce","NYY","1B,LF,RF,DH ","473","1228","788.5","280.3","560.0","-98.0"
"659","Shane McClanahan","TB","SP,RP ","473","994","685.7","223.2","647.0","-12.0"
"660","Andrew Knizner","STL","C","473","766","605.0","105.1","611.0","-49.0"
"661","Michael Feliz","PIT","RP","474","688","588.7","88.0","",""
"662","Andrew Stevenson","WSH","LF","475","1176","752.8","272.5","573.0","-89.0"
"663","Ryan Helsley","STL","RP","476","683","558.7","89.5","828.0","+165.0"
"664","Jaime Barria","LAA","SP,RP","476","641","583.0","75.7","543.0","-121.0"
"665","Richard Lovelady","KC","RP","477","856","666.5","189.5","",""
"666","Drew Rasmussen","MIL","RP","477","639","558.0","81.0","858.0","+192.0"
"667","Manny Pina","MIL","C","480","1120","800.0","320.0","658.0","-9.0"
"668","Lewis Brinson","MIA","LF,CF,RF","481","1232","788.8","289.5","640.0","-28.0"
"669","Michael King","NYY","SP,RP","482","784","615.3","125.8","878.0","+209.0"
"670","Brett Gardner","NYY","LF,CF","483","1079","724.0","223.7","480.0","-190.0"
"671","Grant Dayton","ATL","RP","483","671","577.0","94.0","",""
"672","Ljay Newsome","SEA","SP","484","576","530.0","46.0","956.0","+284.0"
"673","Austin Gomber","COL","SP,RP","485","1183","769.5","272.8","567.0","-106.0"
"674","Chase Anderson","PHI","SP,RP","485","712","598.5","113.5","771.0","+97.0"
"675","Brad Wieck","CHC","RP","486","681","583.5","97.5","715.0","+40.0"
"676","Justin Verlander","HOU","SP ","487","598","542.5","55.5","439.0","-237.0"
"677","Nick Pivetta","BOS","SP,RP","488","1154","763.5","250.4","547.0","-130.0"
"678","Ryan Brasier","BOS","RP","488","606","564.7","54.3","925.0","+247.0"
"679","Lewin Diaz","MIA","1B ","489","1358","843.3","335.0","699.0","+20.0"
"680","Josh James","HOU","RP","490","679","568.3","80.5","788.0","+108.0"
"681","Trevor Williams","CHC","SP","491","809","653.2","134.2","705.0","+24.0"
"682","Jacob Barnes","NYM","RP","492","730","611.0","119.0","",""
"683","Erik Swanson","SEA","SP,RP","493","746","591.0","110.9","",""
"684","Chaz Roe","TB","RP","494","672","565.3","76.8","",""
"685","Erik Gonzalez","PIT","3B,SS","495","1236","811.8","280.4","651.0","-34.0"
"686","Kyle Higashioka","NYY","C","495","733","596.5","92.4","477.0","-209.0"
"687","Kyle Finnegan","WSH","RP","495","673","584.0","89.0","",""
"688","Ryan Thompson","TB","RP","496","660","556.0","73.8","",""
"689","Eric Yardley","MIL","RP","498","714","573.7","99.3","",""
"690","Jace Fry","CWS","RP","497","721","582.3","98.9","",""
"691","Noe Ramirez","CIN","SP,RP","497","650","573.5","76.5","",""
"692","Logan Webb","SF","SP","498","731","590.0","86.3","612.0","-80.0"
"693","Ryan Tepera","CHC","RP","498","690","594.0","96.0","874.0","+181.0"
"694","Andrew Knapp","PHI","C","499","1168","712.5","265.9","669.0","-25.0"
"695","Taylor Hearn","TEX","RP","500","962","717.3","189.6","952.0","+257.0"
"696","Jason Adam","CHC","RP","500","682","591.0","91.0","913.0","+217.0"
"697","Yohan Ramirez","SEA","SP,RP","500","635","567.5","67.5","794.0","+97.0"
"698","Mike Foltynewicz","TEX","SP","502","785","652.3","116.2","484.0","-214.0"
"699","J.P. Feyereisen","MIL","RP","503","724","613.5","110.5","",""
"700","Bryse Wilson","ATL","SP,RP","504","757","593.8","86.0","636.0","-64.0"
"701","Anderson Tejeda","TEX","SS","505","1302","774.0","373.4","630.0","-71.0"
"702","Jarlin Garcia","SF","RP","506","668","587.0","81.0","936.0","+234.0"
"703","Derek Fisher","MIL","LF,RF","507","1313","918.0","329.2","895.0","+192.0"
"704","Caleb Thielbar","MIN","RP","508","678","593.0","85.0","",""
"705","Julio Rodriguez","SEA","RF ","509","1314","790.3","370.6","486.0","-219.0"
"706","Kyle Crick","PIT","RP","509","1065","690.8","220.2","790.0","+84.0"
"707","Austin Voth","WSH","SP","510","672","596.0","66.5","761.0","+54.0"
"708","Kevin Plawecki","BOS","C","511","877","674.0","152.1","726.0","+18.0"
"709","Brett Anderson","MIL","SP","512","687","599.5","87.5","731.0","+22.0"
"710","Josh Lowe","TB","3B,CF ","512","664","588.0","76.0","722.0","+12.0"
"711","Austin Hedges","CLE","C","513","1041","690.7","247.7","498.0","-213.0"
"712","Daniel Norris","DET","SP,RP","514","675","594.5","80.5","754.0","+42.0"
"713","Nicky Lopez","KC","2B,SS","516","1096","715.8","224.4","534.0","-179.0"
"714","Josiah Gray","LAD","SP ","516","626","575.7","45.4","753.0","+39.0"
"715","Daniel Lynch","KC","SP ","517","551","534.0","17.0","631.0","-84.0"
"716","Jacob Webb","ATL","RP","518","717","617.5","99.5","704.0","-12.0"
"717","Chris Devenski","ARI","RP ","519","738","628.5","109.5","",""
"718","Shawn Armstrong","BAL","RP","521","787","654.0","133.0","949.0","+231.0"
"719","Thairo Estrada","NYY","2B ","523","1378","942.3","349.2","",""
"720","Luke Jackson","ATL","RP","523","727","625.0","102.0","",""
"721","Adam Haseley","PHI","LF,CF,RF","524","1109","776.3","215.8","741.0","+20.0"
"722","Ryan Sherriff","TB","RP","524","743","633.5","109.5","",""
"723","Corbin Martin","ARI","SP ","524","667","576.8","57.4","620.0","-103.0"
"724","Austin Romine","CHC","C","525","1027","692.7","236.4","650.0","-74.0"
"725","Steve Cishek","HOU","RP ","525","760","642.5","117.5","",""
"726","Aristides Aquino","CIN","LF,RF","526","1198","785.8","262.3","632.0","-94.0"
"727","Keynan Middleton","SEA","RP","527","695","611.0","84.0","868.0","+141.0"
"728","Jordan Luplow","CLE","LF,RF","528","1191","825.0","275.0","888.0","+160.0"
"729","Tyler Chatwood","TOR","SP,RP","531","675","599.3","51.5","750.0","+21.0"
"730","Jonathan India","CIN","3B ","532","1418","975.0","443.0","765.0","+35.0"
"731","Cam Bedrosian","CIN","SP,RP ","533","764","648.5","115.5","",""
"732","Vidal Brujan","TB","2B ","534","1340","821.8","327.9","599.0","-133.0"
"733","Jose Garcia","CIN","SS ","534","1265","899.5","365.5","529.0","-204.0"
"734","Dexter Fowler","LAA","CF,RF","535","869","657.5","126.2","619.0","-115.0"
"735","Jeurys Familia","NYM","RP","535","759","647.0","112.0","966.0","+231.0"
"736","Sam Howard","PIT","RP","540","765","652.5","112.5","",""
"737","Chas McCormick","HOU","LF","541","1306","899.7","314.1","672.0","-65.0"
"738","Josh Taylor","BOS","RP","541","739","640.0","99.0","",""
"739","Kyle Cody","TEX","SP","541","666","603.5","62.5","677.0","-62.0"
"740","Jonah Heim","TEX","C","542","1095","731.3","257.2","702.0","-38.0"
"741","Chad Kuhl","PIT","SP","542","815","677.8","118.4","593.0","-148.0"
"742","William Contreras","ATL","C","543","1225","884.0","341.0","596.0","-146.0"
"743","Leury Garcia","CWS","2B,SS,LF,CF,RF","543","1184","782.8","258.6","662.0","-81.0"
"744","Steven Brault","PIT","SP,RP","543","794","662.0","101.0","483.0","-261.0"
"745","Sam Haggerty","SEA","LF","544","1441","881.8","354.5","823.0","+78.0"
"746","Chad Wallach","MIA","C","544","1164","854.0","310.0","865.0","+119.0"
"747","Reynaldo Lopez","CWS","SP ","545","741","639.8","70.9","720.0","-27.0"
"748","Brett Martin","TEX","RP","545","701","623.0","78.0","",""
"749","Tony Kemp","OAK","2B,LF,CF","546","1147","804.3","252.5","777.0","+28.0"
"750","Kodi Whitley","STL","RP","546","808","677.0","131.0","",""
"751","James Hoyt","MIA","RP","547","762","654.5","107.5","",""
"752","Bradley Zimmer","CLE","LF,CF","548","1291","916.3","303.4","758.0","+6.0"
"753","Tim Locastro","ARI","LF,CF,RF","550","734","643.7","75.2","495.0","-258.0"
"754","Adam Cimber","MIA","RP","552","799","675.5","123.5","",""
"755","Kyle McGowin","WSH","RP","553","754","653.5","100.5","",""
"756","Ryan Borucki","TOR","RP","554","753","653.5","99.5","713.0","-43.0"
"757","Lane Thomas","STL","CF,RF","555","1292","898.3","303.0","778.0","+21.0"
"758","Hansel Robles","MIN","RP","555","726","640.5","85.5","804.0","+46.0"
"759","Trent Thornton","TOR","SP","556","674","615.0","59.0","962.0","+203.0"
"760","Luis Garcia","HOU","P,RP,SS","559","756","657.5","98.5","",""
"761","Chasen Shreve","PIT","RP ","560","716","638.0","78.0","",""
"762","Curt Casali","SF","C","561","1082","701.3","220.3","687.0","-75.0"
"763","Taylor Ward","LAA","LF,RF","563","1276","922.0","291.1","745.0","-18.0"
"764","Trevor Cahill","PIT","SP,RP","563","679","621.0","58.0","638.0","-126.0"
"765","Mike Ford","NYY","1B ","564","1310","816.0","349.3","602.0","-163.0"
"766","Julian Merryweather","TOR","SP,RP","564","718","641.0","77.0","811.0","+45.0"
"767","Ryan O'Hearn","KC","1B","565","1300","928.0","300.1","836.0","+69.0"
"768","Tyler Flowers","","C ","566","1143","854.5","288.5","666.0","-102.0"
"769","Nick Margevicius","SEA","SP,RP","569","649","616.7","34.4","786.0","+17.0"
"770","Miguel Yajure","PIT","RP","570","911","740.5","170.5","898.0","+128.0"
"771","Andres Munoz","SEA","RP ","570","697","633.5","63.5","781.0","+10.0"
"772","Tomas Nido","NYM","C","571","1128","849.5","278.5","914.0","+142.0"
"773","Grayson Greiner","DET","C","572","1156","864.0","292.0","849.0","+76.0"
"774","Pat Valaika","BAL","1B,2B,SS","573","1285","908.0","292.2","590.0","-184.0"
"775","Jordan Balazovic","MIN","SP ","573","608","591.3","14.3","815.0","+40.0"
"776","Christin Stewart","DET","LF ","575","1347","961.0","386.0","882.0","+106.0"
"777","Michael Wacha","TB","SP,RP","578","763","650.3","68.5","488.0","-289.0"
"778","Jose Urena","DET","SP,RP","579","1085","836.7","206.7","774.0","-4.0"
"779","Mike Montgomery","NYM","SP,RP ","579","863","721.0","142.0","",""
"780","Junior Guerra","LAA","RP","581","830","705.5","124.5","",""
"781","Jackson Kowar","KC","SP ","581","602","591.5","10.5","776.0","-5.0"
"782","Pavin Smith","ARI","1B","583","1220","900.3","260.1","519.0","-263.0"
"783","Duane Underwood Jr.","PIT","RP","583","800","691.5","108.5","817.0","+34.0"
"784","Tyler Alexander","DET","SP,RP","584","775","663.3","81.3","",""
"785","Joe Ross","WSH","SP,RP","587","1195","869.3","250.1","678.0","-107.0"
"786","Jake Cave","MIN","LF,CF,RF","587","1166","855.0","238.3","759.0","-27.0"
"787","Cole Sulser","BAL","RP","587","767","677.0","90.0","",""
"788","Matt Andriese","BOS","RP","588","696","642.0","54.0","832.0","+44.0"
"789","Wandy Peralta","SF","RP","589","857","723.0","134.0","",""
"790","Chris Stratton","PIT","SP,RP","591","741","666.0","75.0","821.0","+31.0"
"791","Jon Lester","WSH","SP","592","836","717.5","115.7","459.0","-332.0"
"792","Abraham Toro","HOU","3B,DH","593","1288","920.0","285.2","562.0","-230.0"
"793","Jahmai Jones","BAL","2B","594","1330","926.0","304.8","831.0","+38.0"
"794","Dillon Tate","BAL","RP","594","758","676.0","82.0","860.0","+66.0"
"795","Johan Camargo","ATL","2B,3B,SS,LF,RF","595","1271","827.0","272.2","553.0","-242.0"
"796","Cam Hill","CLE","RP","597","823","710.0","113.0","",""
"797","Taylor Clarke","ARI","SP,RP","599","816","707.5","108.5","927.0","+130.0"
"798","Tanner Roark","TOR","SP","601","1038","778.8","181.3","479.0","-319.0"
"799","Riley Smith","ARI","RP ","601","879","740.0","139.0","",""
"800","Braxton Garrett","MIA","SP ","601","662","631.5","30.5","897.0","+97.0"
"801","Josh Tomlin","ATL","SP,RP","603","840","721.5","118.5","",""
"802","Seth Brown","OAK","1B,LF","604","1299","946.3","283.8","787.0","-15.0"
"803","Jacob Nottingham","MIL","C","606","1186","806.7","268.4","649.0","-154.0"
"804","Kolby Allard","TEX","SP","607","752","683.5","63.4","809.0","+5.0"
"805","Cole Hamels","","SP ","608","745","676.5","68.5","719.0","-86.0"
"806","Wade Miley","CIN","SP","609","798","713.0","78.3","688.0","-118.0"
"807","Andre Scrubb","HOU","RP","610","1056","833.0","223.0","",""
"808","Zack Godley","MIL","SP,RP ","610","646","628.0","18.0","",""
"809","Luis Cessa","NYY","RP","613","953","783.0","170.0","744.0","-65.0"
"810","Austin Brice","BOS","RP","614","892","753.0","139.0","",""
"811","Casey Sadler","SEA","RP","615","821","718.0","103.0","",""
"812","Mike Fiers","OAK","SP","615","799","696.0","76.7","597.0","-215.0"
"813","Rick Porcello","","SP ","615","754","684.5","69.5","700.0","-113.0"
"814","Tyler Anderson","PIT","SP","616","931","788.7","130.4","598.0","-216.0"
"815","Drew Waters","ATL","LF,CF ","619","1382","900.8","306.5","667.0","-148.0"
"816","Martin Perez","BOS","SP","619","1190","897.7","233.3","511.0","-305.0"
"817","Brandon Brennan","SEA","RP ","620","913","766.5","146.5","",""
"818","Trevor Richards","TB","SP,RP","620","755","687.5","67.5","899.0","+81.0"
"819","Jon Duplantier","ARI","SP,RP","622","975","798.5","176.5","",""
"820","Buck Farmer","DET","RP","623","776","699.5","76.5","928.0","+108.0"
"821","Adam Plutko","CLE","SP,RP","624","1160","852.0","226.0","883.0","+62.0"
"822","Kyle Ryan","CHC","RP ","624","1023","823.5","199.5","",""
"823","Asdrubal Cabrera","ARI","1B,2B,3B,DH","624","744","669.3","53.2","420.0","-403.0"
"824","Matt Wieters","","C ","625","1174","899.5","274.5","",""
"825","Anthony Kay","TOR","RP","629","917","773.0","144.0","906.0","+81.0"
"826","Eric Lauer","MIL","SP ","629","717","673.0","44.0","796.0","-30.0"
"827","Tyler Beede","SF","SP ","629","668","642.7","17.9","822.0","-5.0"
"828","Jose Martinez","NYM","RF,DH","630","1360","995.0","365.0","743.0","-85.0"
"829","Nolan Jones","CLE","3B ","631","1401","998.0","315.4","614.0","-215.0"
"830","David Hale","PHI","RP","631","1025","828.0","197.0","",""
"831","Kendall Graveman","SEA","RP","632","848","740.0","108.0","751.0","-80.0"
"832","Yoan Lopez","ARI","RP","633","995","814.0","181.0","",""
"833","Joe Palumbo","TEX","SP,RP","634","961","797.5","163.5","",""
"834","Tyler Wade","NYY","2B,SS,LF","636","1241","850.0","244.8","552.0","-282.0"
"835","Jonathan Lucroy","CWS","C ","636","1210","923.0","287.0","",""
"836","Shed Long Jr.","SEA","2B,LF","637","1189","870.7","233.2","645.0","-191.0"
"837","Michael Perez","PIT","C","637","1153","895.0","258.0","935.0","+98.0"
"838","Connor Seabold","BOS","SP ","637","693","665.0","28.0","",""
"839","Daniel Johnson","CLE","RF ","638","1162","864.0","219.9","551.0","-288.0"
"840","Cam Gallagher","KC","C","639","1170","904.5","265.5","819.0","-21.0"
"841","Andrew Cashner","","SP,RP ","641","651","646.0","5.0","",""
"842","Devin Smeltzer","MIN","SP,RP ","643","988","815.5","172.5","922.0","+80.0"
"843","Aramis Garcia","OAK","C","644","1188","916.0","272.0","",""
"844","Anthony Alford","PIT","LF,CF","645","1057","812.0","177.0","644.0","-200.0"
"845","Jake Fraley","SEA","CF,RF","646","1273","934.7","258.4","600.0","-245.0"
"846","Brandon Marsh","LAA","CF,RF ","647","1346","996.5","349.5","607.0","-239.0"
"847","Keibert Ruiz","LAD","C ","648","1215","851.7","257.5","550.0","-297.0"
"848","Lewis Thorpe","MIN","RP","652","996","824.0","172.0","",""
"849","Ivan Nova","PHI","SP ","652","689","670.5","18.5","",""
"850","Magneuris Sierra","MIA","CF","653","1319","959.3","274.5","773.0","-77.0"
"851","Yoenis Cespedes","","DH,LF ","653","1304","978.5","325.5","577.0","-274.0"
"852","Cole Tucker","PIT","SS,CF,RF","654","1185","878.3","224.5","752.0","-100.0"
"853","Kyle Zimmer","KC","RP","655","985","820.0","165.0","",""
"854","Josh Reddick","","LF,CF,RF ","655","739","697.0","42.0","769.0","-85.0"
"855","Jarren Duran","BOS","CF ","656","1283","901.7","273.4","622.0","-233.0"
"856","Nick Nelson","NYY","RP","656","1006","831.0","175.0","",""
"857","Zack Collins","CWS","C,DH","657","1214","935.5","278.5","830.0","-27.0"
"858","Christian Arroyo","BOS","2B,3B","658","1289","870.7","295.8","629.0","-229.0"
"859","Reese McGuire","TOR","C","658","1161","909.5","251.5","",""
"860","Yairo Munoz","BOS","3B,SS,LF,RF ","660","1369","986.0","292.2","853.0","-7.0"
"861","Jake Rogers","DET","C","660","1205","932.5","272.5","",""
"862","Brad Miller","PHI","2B,3B,LF,DH","661","1127","828.3","211.7","656.0","-206.0"
"863","Aledmys Diaz","HOU","1B,2B,3B","665","1004","819.7","140.0","541.0","-322.0"
"864","Josh Harrison","WSH","2B,3B","666","1218","891.7","236.3","516.0","-348.0"
"865","Zac Lowther","BAL","SP ","666","708","687.0","21.0","964.0","+99.0"
"866","Daz Cameron","DET","RF","667","1309","969.3","263.4","780.0","-86.0"
"867","Brent Rooker","MIN","RF","668","1311","956.0","266.7","685.0","-182.0"
"868","Carlos Estevez","COL","RP","669","1026","847.5","178.5","",""
"869","Dan Winkler","CHC","RP","670","1094","882.0","212.0","963.0","+94.0"
"870","Ryan McBroom","KC","1B,RF","671","1326","975.7","269.3","792.0","-78.0"
"871","Oneil Cruz","PIT","SS ","672","1399","1,035.5","363.5","806.0","-65.0"
"872","Willians Astudillo","MIN","C,1B,3B","673","1199","936.0","263.0","785.0","-87.0"
"873","Luis Campusano","SD","C","675","1211","916.3","222.0","595.0","-278.0"
"874","John King","TEX","RP","676","1035","855.5","179.5","",""
"875","Shaun Anderson","MIN","SP,RP ","677","1072","874.5","197.5","977.0","+102.0"
"876","Robert Stephenson","COL","RP","680","997","838.5","158.5","840.0","-36.0"
"877","Jake Newberry","KC","RP","682","1089","885.5","203.5","",""
"878","Ross Detwiler","MIA","SP,RP","683","1098","890.5","207.5","",""
"879","Ryan Braun","","LF,RF,DH ","684","1204","944.0","260.0","530.0","-349.0"
"880","Alex Young","ARI","SP,RP","688","1020","854.0","166.0","606.0","-274.0"
"881","Carlos Hernandez","KC","SP","689","722","705.5","16.5","",""
"882","Phillips Valdez","BOS","RP","691","1112","901.5","210.5","",""
"883","Rene Rivera","","C ","701","1237","969.0","268.0","",""
"884","Yolmer Sanchez","BAL","2B,3B","703","1141","922.0","219.0","755.0","-129.0"
"885","Jake Arrieta","CHC","SP","703","780","741.5","38.5","416.0","-469.0"
"886","Dustin Fowler","PIT","CF","704","1316","1,010.0","306.0","842.0","-44.0"
"887","Tony Wolters","PIT","C ","705","1173","939.0","234.0","742.0","-145.0"
"888","Mike Leake","","SP ","705","765","735.0","30.0","900.0","+12.0"
"889","Welington Castillo","WSH","C ","706","1209","957.5","251.5","",""
"890","Cody Ponce","PIT","SP","707","742","724.5","17.5","",""
"891","Wes Benjamin","TEX","RP","709","1091","900.0","191.0","",""
"892","Kevan Smith","TB","C ","710","1223","966.5","256.5","",""
"893","Anthony Banda","SF","RP ","713","1101","907.0","194.0","",""
"894","Alex Jackson","ATL","C","714","1130","922.0","208.0","692.0","-202.0"
"895","Wade Davis","KC","RP ","715","1138","926.5","211.5","679.0","-216.0"
"896","Austin Allen","OAK","C","716","1227","971.5","255.5","824.0","-72.0"
"897","Ryan Weber","BOS","SP,RP ","721","1159","940.0","219.0","",""
"898","Jose Briceno","COL","C ","724","1248","986.0","262.0","",""
"899","Beau Taylor","CLE","C","727","1256","991.5","264.5","",""
"900","Meibrys Viloria","KC","C ","728","1243","985.5","257.5","",""
"901","Jeff Hoffman","CIN","SP,RP","732","1093","912.5","180.5","835.0","-66.0"
"902","Sandy Leon","","C ","735","1245","990.0","255.0","",""
"903","Aaron Sanchez","SF","SP,RP","744","767","755.5","11.5","627.0","-276.0"
"904","Jose De Leon","CIN","RP","747","1124","935.5","188.5","797.0","-107.0"
"905","Nick Neidert","MIA","RP","748","1149","948.5","200.5","",""
"906","Tyler Kinley","COL","RP","752","1148","950.0","198.0","",""
"907","Evan Phillips","BAL","RP ","753","1157","955.0","202.0","",""
"908","Jake Marisnick","CHC","CF","760","1208","984.0","224.0","670.0","-238.0"
"909","Johan Oviedo","STL","SP","761","959","860.0","99.0","",""
"910","Jarrod Dyson","KC","LF,CF,RF","764","1217","990.5","226.5","653.0","-257.0"
"911","Yency Almonte","COL","RP","769","1178","973.5","204.5","",""
"912","Homer Bailey","","SP ","770","788","779.0","9.0","709.0","-203.0"
"913","Shelby Miller","CHC","SP,RP ","777","1192","984.5","207.5","976.0","+63.0"
"914","Yonathan Daza","COL","CF","778","1252","1,015.0","237.0","941.0","+27.0"
"915","Jake Lamb","ATL","1B,3B","787","1290","1,038.5","251.5","485.0","-430.0"
"916","Chi Chi Gonzalez","COL","SP ","788","1118","953.0","165.0","",""
"917","Todd Frazier","PIT","1B,3B ","804","1234","1,019.0","215.0","581.0","-336.0"
"918","Anibal Sanchez","","SP ","805","903","854.0","49.0","861.0","-57.0"
"919","Brian Goodwin","PIT","LF,CF,RF ","806","1193","999.5","193.5","799.0","-120.0"
"920","Wil Crowe","PIT","SP","811","1187","999.0","188.0","",""
"921","Michael Baumann","BAL","SP ","813","1076","944.5","131.5","",""
"922","Matt Kemp","","LF,DH ","814","1275","1,044.5","230.5","",""
"923","Yusniel Diaz","BAL","CF,RF ","816","1152","984.0","168.0","791.0","-132.0"
"924","Phillip Evans","PIT","3B","817","1224","1,020.5","203.5","864.0","-60.0"
"925","Kyle Farmer","CIN","C,1B,2B,3B,SS","818","1222","1,020.0","202.0","798.0","-127.0"
"926","Erick Fedde","WSH","SP,RP","820","1105","962.5","142.5","920.0","-6.0"
"927","Wade LeBlanc","BAL","SP,RP ","822","1104","963.0","141.0","",""
"928","Ryan Zimmerman","WSH","1B,3B","823","1249","1,036.0","213.0","643.0","-285.0"
"929","Jedd Gyorko","","1B,3B ","825","1197","1,011.0","186.0","737.0","-192.0"
"930","Matt Beaty","LAD","1B,3B,LF","827","1295","1,061.0","234.0","657.0","-273.0"
"931","Bruce Zimmermann","BAL","P,SP","832","1113","972.5","140.5","718.0","-213.0"
"932","Luis Guillorme","NYM","2B,SS","833","1303","1,068.0","235.0","637.0","-295.0"
"933","Felix Hernandez","BAL","SP ","837","1126","981.5","144.5","648.0","-285.0"
"934","Heliot Ramos","SF","CF ","839","1348","1,093.5","254.5","826.0","-108.0"
"935","Franklin Barreto","LAA","2B","844","1327","1,085.5","241.5","869.0","-66.0"
"936","Albert Almora Jr.","NYM","CF","847","1318","1,082.5","235.5","641.0","-295.0"
"937","Ka'ai Tom","OAK","CF,RF","849","1333","1,091.0","242.0","921.0","-16.0"
"938","Justin Williams","STL","RF","855","1363","1,109.0","254.0","",""
"939","Logan Morrison","","1B,DH ","856","1322","1,089.0","233.0","",""
"940","Charlie Culberson","TEX","1B,SS,LF,RF ","857","1338","1,097.5","240.5","",""
"941","Darin Ruf","SF","LF","858","1308","1,083.0","225.0","816.0","-125.0"
"942","Jeff Samardzija","","SP ","860","1129","994.5","134.5","691.0","-251.0"
"943","Julio Teheran","DET","SP ","862","1163","1,012.5","150.5","766.0","-177.0"
"944","Bobby Bradley","CLE","1B,DH","864","1339","1,101.5","237.5","770.0","-174.0"
"945","Eli White","TEX","LF","865","1350","1,107.5","242.5","924.0","-21.0"
"946","Jed Lowrie","OAK","2B,DH ","867","1352","1,109.5","242.5","911.0","-35.0"
"947","Akil Baddoo","DET","CF","870","1514","1,192.0","322.0","682.0","-265.0"
"948","Ben Gamel","CLE","LF,CF,RF ","871","1301","1,086.0","215.0","916.0","-32.0"
"949","Greg Bird","COL","1B ","872","1312","1,092.0","220.0","711.0","-238.0"
"950","Zach McKinstry","LAD","2B","873","1390","1,131.5","258.5","876.0","-74.0"
"951","Ryan Castellani","COL","SP ","875","1240","1,057.5","182.5","",""
"952","Austin Dean","STL","LF,RF","878","1315","1,096.5","218.5","",""
"953","Jordan Lyles","TEX","SP","880","1181","1,030.5","150.5","767.0","-186.0"
"954","Logan Forsythe","","1B,2B,3B,SS ","882","1372","1,127.0","245.0","",""
"955","Ildemaro Vargas","CHC","2B,3B","883","1342","1,112.5","229.5","856.0","-99.0"
"956","Rylan Bannon","BAL","3B ","886","1325","1,105.5","219.5","",""
"957","Gerardo Parra","WSH","1B,CF,LF,RF ","887","1345","1,116.0","229.0","",""
"958","Jorge Mateo","SD","LF","888","1376","1,132.0","244.0","870.0","-88.0"
"959","Matt Joyce","PHI","LF,RF,DH ","893","1328","1,110.5","217.5","668.0","-291.0"
"960","Juan Lagares","LAA","CF ","894","1379","1,136.5","242.5","",""
"961","Mickey Moniak","PHI","LF","895","1419","1,157.0","262.0","875.0","-86.0"
"962","Joe Panik","TOR","2B,3B,SS ","896","1329","1,112.5","216.5","618.0","-344.0"
"963","Edmundo Sosa","STL","2B,SS","897","1336","1,116.5","219.5","",""
"964","Brock Holt","TEX","1B,2B,3B,LF,RF ","899","1297","1,098.0","199.0","915.0","-49.0"
"965","Colton Welker","COL","3B","901","1364","1,132.5","231.5","810.0","-155.0"
"966","Andy Young","ARI","2B ","902","1354","1,128.0","226.0","942.0","-24.0"
"967","Richie Martin","BAL","SS","904","1335","1,119.5","215.5","887.0","-80.0"
"968","Scott Heineman","CIN","CF ","905","1362","1,133.5","228.5","",""
"969","Danny Mendick","CWS","2B","907","1278","1,092.5","185.5","",""
"970","Delino DeShields","TEX","CF ","909","1261","1,085.0","176.0","503.0","-467.0"
"971","Jason Kipnis","ATL","2B ","912","1324","1,118.0","206.0","695.0","-276.0"
"972","Matt Adams","","1B,DH ","913","1349","1,131.0","218.0","",""
"973","Vimael Machin","OAK","3B,SS","915","1323","1,119.0","204.0","",""
"974","Steven Duggar","SF","LF,CF,RF ","916","1375","1,145.5","229.5","",""
"975","Harold Castro","DET","2B,3B,LF,CF,RF","918","1343","1,130.5","212.5","845.0","-130.0"
"976","Chris Davis","BAL","1B","920","1368","1,144.0","224.0","639.0","-337.0"
"977","Neil Walker","","1B,2B,3B ","921","1400","1,160.5","239.5","",""
"978","Steven Souza Jr.","HOU","RF ","922","1294","1,108.0","186.0","540.0","-438.0"
"979","Brett Phillips","TB","CF,RF","928","1351","1,139.5","211.5","",""
"980","Bret Boswell","COL","2B,3B,SS ","933","1432","1,182.5","249.5","",""
"981","Trayce Thompson","ARI","CF,LF,RF ","935","1548","1,241.5","306.5","",""
"982","Alex Blandino","CIN","2B,3B","937","1427","1,182.0","245.0","940.0","-42.0"
"983","Luis Rengifo","LAA","2B,SS","938","1442","1,190.0","252.0","894.0","-89.0"
"984","Phil Gosselin","LAA","1B,DH,LF,RF ","939","1389","1,164.0","225.0","967.0","-17.0"
"985","Jace Peterson","MIL","3B,LF,RF ","940","1444","1,192.0","252.0","",""
"986","Zack Cozart","","3B,SS ","941","1406","1,173.5","232.5","",""
"987","Yadiel Hernandez","WSH","DH,LF","942","1395","1,168.5","226.5","",""
"988","Michael Reed","SF","LF,RF ","943","1553","1,248.0","305.0","",""
"989","Josh Jung","TEX","3B ","944","1388","1,166.0","222.0","615.0","-374.0"
"990","Josh Palacios","TOR","CF","945","1424","1,184.5","239.5","848.0","-142.0"
"991","Wyatt Mathisen","ARI","3B","946","1404","1,175.0","229.0","",""
"992","Tim Beckham","CWS","2B,3B,SS,LF ","947","1512","1,229.5","282.5","",""
"993","Stuart Fairchild","ARI","LF,CF ","949","1455","1,202.0","253.0","",""
"994","Braden Bishop","SEA","CF,RF","950","1410","1,180.0","230.0","",""
"995","Luis Barrera","OAK","CF ","952","1407","1,179.5","227.5","",""
"996","Lucius Fox","KC","SS ","953","1460","1,206.5","253.5","934.0","-62.0"
"997","Jonathan Davis","TOR","CF,RF","954","1393","1,173.5","219.5","",""
"998","Robel Garcia","HOU","2B,LF","955","1498","1,226.5","271.5","",""
"999","John Nogowski","STL","1B","956","1468","1,212.0","256.0","",""
"1000","Jose Siri","HOU","CF ","957","1471","1,214.0","257.0","",""
"1001","Keon Broxton","MIN","LF,CF ","958","1482","1,220.0","262.0","",""
"1002","Matt Duffy","CHC","2B,3B ","959","1356","1,157.5","198.5","",""
"1003","Ehire Adrianza","ATL","1B,2B,3B,SS,RF ","961","1396","1,178.5","217.5","",""
""
""